"DESCRIPTION","DURATION IN MS","NAME","PARENT SUITE","START TIME","STATUS","STOP TIME","SUB SUITE","SUITE","TEST CLASS","TEST METHOD"
"","259","Создание пользователя без поля password","","Sat May 09 17:32:05 CEST 2026","passed","Sat May 09 17:32:05 CEST 2026","","Создание пользователя","stellarburgers.CreateUserTest","createUserWithoutPassword"
"","598","Создание уникального пользователя","","Sat May 09 17:32:04 CEST 2026","passed","Sat May 09 17:32:05 CEST 2026","","Создание пользователя","stellarburgers.CreateUserTest","createUniqueUser"
"","238","Создание пользователя без поля name","","Sat May 09 17:32:05 CEST 2026","passed","Sat May 09 17:32:06 CEST 2026","","Создание пользователя","stellarburgers.CreateUserTest","createUserWithoutName"
"","970","Изменение name с авторизацией","","Sat May 09 17:31:50 CEST 2026","passed","Sat May 09 17:31:51 CEST 2026","","Изменение данных пользователя","stellarburgers.UpdateUserTest","updateNameWithAuth"
"","240","Создание пользователя без поля email","","Sat May 09 17:32:06 CEST 2026","passed","Sat May 09 17:32:06 CEST 2026","","Создание пользователя","stellarburgers.CreateUserTest","createUserWithoutEmail"
"","1054","Создание заказа без ингредиентов","","Sat May 09 17:32:03 CEST 2026","passed","Sat May 09 17:32:04 CEST 2026","","Создание заказа","stellarburgers.CreateOrderTest","createOrderWithoutIngredients"
"","907","Изменение email без авторизации возвращает ошибку","","Sat May 09 17:31:51 CEST 2026","passed","Sat May 09 17:31:52 CEST 2026","","Изменение данных пользователя","stellarburgers.UpdateUserTest","updateEmailWithoutAuth"
"","927","Изменение name без авторизации возвращает ошибку","","Sat May 09 17:31:52 CEST 2026","passed","Sat May 09 17:31:53 CEST 2026","","Изменение данных пользователя","stellarburgers.UpdateUserTest","updateNameWithoutAuth"
"","1194","Получение заказов неавторизованного пользователя возвращает ошибку","","Sat May 09 17:31:56 CEST 2026","passed","Sat May 09 17:31:58 CEST 2026","","Получение заказов конкретного пользователя","stellarburgers.GetUserOrdersTest","getOrdersForUnauthorizedUser"
"","882","Получение заказов авторизованного пользователя","","Sat May 09 17:31:56 CEST 2026","passed","Sat May 09 17:31:56 CEST 2026","","Получение заказов конкретного пользователя","stellarburgers.GetUserOrdersTest","getOrdersForAuthorizedUser"
"","1112","Логин под существующим пользователем","","Sat May 09 17:31:49 CEST 2026","passed","Sat May 09 17:31:50 CEST 2026","","Логин пользователя","stellarburgers.LoginUserTest","loginExistingUser"
"","7871","Логин с неверным логином и паролем","","Sat May 09 17:31:41 CEST 2026","passed","Sat May 09 17:31:49 CEST 2026","","Логин пользователя","stellarburgers.LoginUserTest","loginWithWrongCredentials"
"","1050","Изменение email с авторизацией","","Sat May 09 17:31:54 CEST 2026","passed","Sat May 09 17:31:55 CEST 2026","","Изменение данных пользователя","stellarburgers.UpdateUserTest","updateEmailWithAuth"
"","1512","Создание заказа с ингредиентами","","Sat May 09 17:32:02 CEST 2026","passed","Sat May 09 17:32:03 CEST 2026","","Создание заказа","stellarburgers.CreateOrderTest","createOrderWithIngredients"
"","1498","Создание заказа с авторизацией","","Sat May 09 17:31:58 CEST 2026","passed","Sat May 09 17:31:59 CEST 2026","","Создание заказа","stellarburgers.CreateOrderTest","createOrderWithAuth"
"","1022","Изменение password с авторизацией","","Sat May 09 17:31:53 CEST 2026","passed","Sat May 09 17:31:54 CEST 2026","","Изменение данных пользователя","stellarburgers.UpdateUserTest","updatePasswordWithAuth"
"","1174","Создание заказа без авторизации","","Sat May 09 17:31:59 CEST 2026","passed","Sat May 09 17:32:00 CEST 2026","","Создание заказа","stellarburgers.CreateOrderTest","createOrderWithoutAuth"
"","834","Нельзя создать пользователя, который уже зарегистрирован","","Sat May 09 17:32:06 CEST 2026","passed","Sat May 09 17:32:07 CEST 2026","","Создание пользователя","stellarburgers.CreateUserTest","createAlreadyRegisteredUser"
"","1422","Создание заказа с неверным хешем ингредиентов","","Sat May 09 17:32:00 CEST 2026","passed","Sat May 09 17:32:02 CEST 2026","","Создание заказа","stellarburgers.CreateOrderTest","createOrderWithWrongIngredientHash"
